Designator,Val,Package,Mid X,Mid Y,Rotation,Layer
C1,1uF,C_0402_1005Metric,307.25,-85.81,180,top
C2,0.1uF,C_0402_1005Metric,314.89,-74.14,90,top
C3,0.1uF,C_0402_1005Metric,314.55,-90.78,-90,top
C4,0.1uF,C_0402_1005Metric,308.0625,-81.05,180,top
C5,0.1uF,C_0402_1005Metric,317.6,-81.08,0,top
C6,0.1uF,C_0402_1005Metric,318.77,-85.45,0,top
C7,0.1uF,C_0402_1005Metric,313.84,-74.58,90,top
C8,0.1uF,C_0402_1005Metric,316.59,-79.61,90,top
C9,0.1uF,C_0402_1005Metric,318.070589,-79.569411,45,top
C10,1uF,C_0402_1005Metric,315.6,-90.78,-90,top
C11,0.1uF,C_0402_1005Metric,315.6,-78.75,90,top
C12,0.1uF,C_0402_1005Metric,312.77,-74.6,90,top
C13,10uF,C_0603_1608Metric,309.355,-63.73,180,top
C14,10uF,C_0603_1608Metric,310.195,-69.1925,180,top
C15,33pF,C_0402_1005Metric,309.22,-92.55,-90,top
C16,33pF,C_0402_1005Metric,314.54,-92.76,90,top
C17,0.1uF,C_0402_1005Metric,310.87,-76.01,180,top
J1,USB_C_Receptacle_USB2.0_14P,USB_C_Receptacle_HRO_TYPE-C-31-M-12,312.62,-57.55,180,top
J2,Conn_01x20_Pin,PinHeader_1x20_P2.54mm_Vertical,303.73,-56.42,0,top
J3,Conn_01x20_Pin,PinHeader_1x20_P2.54mm_Vertical,321.51,-56.42,0,top
J4,Conn_01x03_Pin,PinHeader_1x03_P2.54mm_Vertical,310.08,-104.44,90,top
R1,5.1K,R_0402_1005Metric,311.44,-63.83,-90,top
R2,5.1K,R_0402_1005Metric,314.02,-63.82,-90,top
R3,27,R_0402_1005Metric,313.56,-78.61,-90,top
R4,27,R_0402_1005Metric,314.56,-78.61,-90,top
R5,1K,R_0402_1005Metric,313.04,-90.33,180,top
R6,1K,R_0402_1005Metric,316.8,-69.45,180,top
R7,10K,R_0402_1005Metric,308.88,-76.01,180,top
SW1,SW_Push,SW_Push_SPST_NO_Alps_SKRK,316.79,-65.96,-90,top
U1,RP2040,QFN-56-1EP_7x7mm_P0.4mm_EP3.2x3.2mm,312.8225,-84.58,0,top
U2,MCP1700x-330xxTT,SOT-23,310.19,-66.47,90,top
U4,W25Q16JVZPIQ TR,Winbond_USON-8-1EP_3x2mm_P0.5mm_EP0.2x1.6mm,309.8,-77.86,0,top
Y1,12MHz,Crystal_SMD_3225-4Pin_3.2x2.5mm,311.87,-92.62,180,top