Id,Designator,Footprint,Quantity,Comment,Supplier and ref
1,"J2,J3",PinHeader_1x20_P2.54mm_Vertical,2,Conn_01x20_Pin,
2,"C9,C11,C6,C4,C8,C7,C12,C17,C3,C2,C5",C_0402_1005Metric,11,0.1uF,
3,U4,Winbond_USON-8-1EP_3x2mm_P0.5mm_EP0.2x1.6mm,1,W25Q16JVZPIQ TR,
4,"C1,C10",C_0402_1005Metric,2,1uF,
5,"C16,C15",C_0402_1005Metric,2,33pF,
6,"R5,R6",R_0402_1005Metric,2,1K,
7,Y1,Crystal_SMD_3225-4Pin_3.2x2.5mm,1,12MHz,
8,"C13,C14",C_0603_1608Metric,2,10uF,
9,SW1,SW_Push_SPST_NO_Alps_SKRK,1,SW_Push,
10,U1,QFN-56-1EP_7x7mm_P0.4mm_EP3.2x3.2mm,1,RP2040,
11,"R1,R2",R_0402_1005Metric,2,5.1K,
12,"R4,R3",R_0402_1005Metric,2,27,
13,J1,USB_C_Receptacle_HRO_TYPE-C-31-M-12,1,USB_C_Receptacle_USB2.0_14P,
14,U2,SOT-23,1,MCP1700x-330xxTT,
15,R7,R_0402_1005Metric,1,10K,
16,J4,PinHeader_1x03_P2.54mm_Vertical,1,Conn_01x03_Pin,